{"cameraMode":{"drawMode":0,"name":"Shaded","section":"Shading Mode"},"sceneLighting":true,"audioPlay":false,"sceneViewState":{"m_AlwaysRefresh":false,"showFog":true,"showSkybox":true,"showFlares":true,"showImageEffects":true,"showParticleSystems":true,"showVisualEffectGraphs":true,"m_FxEnabled":true},"in2DMode":false,"pivot":{"x":19.016223907470704,"y":-4.651467800140381,"z":95.0447769165039},"rotation":{"x":0.08174321800470352,"y":0.917931854724884,"z":-0.26147234439849856,"w":0.28696969151496889},"size":0.24792124330997468,"orthographic":true}